{"cameraMode":{"drawMode":0,"name":"Shaded","section":"Shading Mode"},"sceneLighting":true,"audioPlay":false,"sceneViewState":{"m_AlwaysRefresh":false,"showFog":true,"showSkybox":true,"showFlares":true,"showImageEffects":true,"showParticleSystems":true,"showVisualEffectGraphs":true,"m_FxEnabled":true},"in2DMode":false,"pivot":{"x":0.0900883674621582,"y":3.8223605155944826,"z":-31.178190231323243},"rotation":{"x":-0.20332148671150208,"y":0.14828214049339295,"z":-0.030621998012065889,"w":-0.9677894115447998},"size":4.076755046844482,"orthographic":false}